siren,date_ajout
793144437,2026-07-11
350941563,2026-07-11
792907750,2026-07-11
425052941,2026-07-11
532928645,2026-07-11
431301829,2026-07-11
794960567,2026-07-11
801943044,2026-07-11
752221903,2026-07-11
801536046,2026-07-11
433503851,2026-07-11
531360915,2026-07-11
478007511,2026-07-11
445150253,2026-07-11
505198242,2026-07-11
498469428,2026-07-11
320179922,2026-07-11
418126710,2026-07-11
444360069,2026-07-11
789911716,2026-07-11
843988148,2026-07-11
353452287,2026-07-11
494051394,2026-07-11
918978404,2026-07-11
421563321,2026-07-11
797605359,2026-07-11
850953464,2026-07-11
808039259,2026-07-11
323752311,2026-07-11
532932290,2026-07-11
409720018,2026-07-11
851076000,2026-07-11
438460636,2026-07-11
951247527,2026-07-11
835295098,2026-07-11
795130418,2026-07-11
841323892,2026-07-11
793980822,2026-07-11
392987582,2026-07-11
840454789,2026-07-11
443004072,2026-07-11
331479287,2026-07-11
